City_ID,City,Lat,Lng,Max Temp,Humidity,Cloudiness,Wind Speed,Country,Date
0,calarasi,47.2544,28.3081,272.21,71,100,1.07,MD,1669872367
1,ponta do sol,32.6667,-17.1,292.5,78,60,3.24,PT,1669872368
2,punta arenas,-53.15,-70.9167,282.21,61,20,14.4,CL,1669872361
3,houma,29.5958,-90.7195,284.82,66,0,5.14,US,1669872308
4,cockburn town,21.4612,-71.1419,300.01,71,79,9.41,TC,1669872369
5,chicama,-7.8447,-79.1469,291.45,80,94,2.02,PE,1669872369
6,mirik,26.8945,88.1848,290.1,45,0,2.18,IN,1669872369
7,longyearbyen,78.2186,15.6401,271.73,90,84,4.21,SJ,1669872370
8,port alfred,-33.5906,26.891,293.81,86,73,1.65,ZA,1669872370
9,ushuaia,-54.8,-68.3,282.96,46,20,1.54,AR,1669872371
10,dong hoi,17.4833,106.6,299.47,80,70,5.5,VN,1669872371
11,jamestown,42.097,-79.2353,271.32,95,100,7.72,US,1669872121
12,qaanaaq,77.484,-69.3632,242.55,89,44,1.43,GL,1669872372
13,grand junction,39.0639,-108.5507,270.5,55,0,0.0,US,1669872372
14,wuwei,37.9281,102.6414,269.83,38,42,2.41,CN,1669872372
15,resistencia,-27.4606,-58.9839,296.18,73,75,5.66,AR,1669872373
16,busselton,-33.65,115.3333,297.21,51,29,6.55,AU,1669872373
17,port elizabeth,-33.918,25.5701,293.76,77,25,1.28,ZA,1669872374
18,bonavista,48.6499,-53.1147,272.29,70,43,5.89,CA,1669872374
19,kodiak,57.79,-152.4072,273.88,75,100,0.0,US,1669872374
20,vardo,70.3705,31.1107,273.14,86,100,4.63,NO,1669872375
21,sao filipe,14.8961,-24.4956,296.66,65,100,3.57,CV,1669872375
22,vaini,-21.2,-175.2,300.24,83,100,4.63,TO,1669872375
23,bengkulu,-3.8004,102.2655,301.01,68,97,2.69,ID,1669872376
24,bluff,-46.6,168.3333,283.6,59,67,10.57,NZ,1669872376
25,upernavik,72.7868,-56.1549,258.72,92,100,8.53,GL,1669872377
26,noumea,-22.2763,166.4572,304.26,99,53,2.16,NC,1669872326
27,honningsvag,70.9821,25.9704,275.01,80,0,5.66,NO,1669872377
28,georgetown,5.4112,100.3354,304.12,74,20,4.12,MY,1669872378
29,cabo san lucas,22.8909,-109.9124,296.77,77,21,2.73,MX,1669872286
30,rikitea,-23.1203,-134.9692,295.97,73,79,6.05,PF,1669872378
31,kysyl-syr,63.8986,122.7617,243.16,96,100,2.82,RU,1669872379
32,port lincoln,-34.7333,135.8667,292.7,57,1,4.45,AU,1669872379
33,hithadhoo,-0.6,73.0833,300.5,67,36,4.2,MV,1669872379
34,new norfolk,-42.7826,147.0587,287.55,40,10,2.8,AU,1669872380
35,saint george,37.1041,-113.5841,280.48,40,0,0.45,US,1669872123
36,hobart,-42.8794,147.3294,287.74,66,75,7.72,AU,1669872380
37,kedrovyy,56.1667,91.8167,256.41,92,100,3.94,RU,1669872381
38,holoby,51.0865,25.0077,269.22,89,84,3.18,UA,1669872381
39,riyadh,24.6877,46.7219,292.23,32,91,2.52,SA,1669872383
40,chokurdakh,70.6333,147.9167,252.69,98,100,3.6,RU,1669872383
41,hilo,19.7297,-155.09,298.86,96,75,0.45,US,1669872383
42,atuona,-9.8,-139.0333,298.6,76,63,5.73,PF,1669872384
43,hermanus,-34.4187,19.2345,290.26,81,99,2.3,ZA,1669872384
44,klaksvik,62.2266,-6.589,282.66,98,100,10.75,FO,1669872385
45,butaritari,3.0707,172.7902,300.7,76,18,5.14,KI,1669872386
46,jerico,5.7921,-75.786,287.48,98,89,0.83,CO,1669872386
47,kostomuksha,64.571,30.5767,265.89,99,84,1.71,RU,1669872387
48,cape town,-33.9258,18.4232,292.66,85,75,1.34,ZA,1669872140
49,nagapattinam,10.7667,79.8333,301.49,72,59,3.44,IN,1669872388
50,meadow lake,34.8014,-106.5436,280.65,47,73,1.81,US,1669872388
51,arraial do cabo,-22.9661,-42.0278,296.71,91,98,11.15,BR,1669872388
52,portland,45.5234,-122.6762,279.16,92,100,3.6,US,1669871750
53,cherskiy,68.75,161.3,265.61,96,100,3.8,RU,1669872389
54,castro,-24.7911,-50.0119,287.94,98,57,2.0,BR,1669872389
55,kapaa,22.0752,-159.319,298.33,89,75,5.66,US,1669872390
56,goderich,43.7501,-81.7165,273.66,55,100,12.35,CA,1669872390
57,mbandaka,0.0487,18.2603,293.48,96,100,0.9,CD,1669872390
58,mar del plata,-38.0023,-57.5575,291.53,99,100,5.66,AR,1669872391
59,anchorage,61.2181,-149.9003,265.17,90,100,4.12,US,1669872355
60,souillac,-20.5167,57.5167,301.36,61,40,4.12,MU,1669872391
61,mosquera,4.7059,-74.2302,284.2,87,40,1.54,CO,1669872309
62,albany,42.6001,-73.9662,275.14,61,57,1.34,US,1669872317
63,tuatapere,-46.1333,167.6833,286.18,61,74,7.3,NZ,1669872392
64,svetlogorsk,52.6333,29.7333,263.64,95,14,2.85,BY,1669872392
65,severnyy,50.677,36.5532,268.17,58,0,6.0,RU,1669872393
66,pinega,64.7001,43.3936,268.78,92,99,1.75,RU,1669872393
67,bambous virieux,-20.3428,57.7575,301.29,61,40,4.12,MU,1669872394
68,willowmore,-33.2926,23.4895,297.99,48,40,3.97,ZA,1669872394
69,cap-aux-meules,47.3821,-61.8597,279.16,75,100,11.83,CA,1669872394
70,plouzane,48.3833,-4.6167,275.33,96,75,3.09,FR,1669872395
71,mataura,-46.1927,168.8643,283.42,58,85,3.88,NZ,1669872395
72,malakal,9.5334,31.6605,299.61,41,50,1.67,SS,1669872187
73,kinlochleven,56.7115,-4.9661,281.09,96,100,1.71,GB,1669872396
74,kasongo-lunda,-6.4667,16.8167,292.8,97,96,0.59,CD,1669872396
75,takaka,-40.85,172.8,289.57,63,7,1.57,NZ,1669872396
76,coquimbo,-29.9533,-71.3436,289.0,94,100,3.09,CL,1669872397
77,sayyan,15.1718,44.3244,284.38,32,0,1.99,YE,1669872397
78,tiksi,71.6872,128.8694,248.62,98,100,6.52,RU,1669872398
79,tura,25.5198,90.2201,298.69,48,0,0.47,IN,1669872398
80,sisimiut,66.9395,-53.6735,263.34,82,96,10.26,GL,1669872399
81,mbini,1.574,9.6134,298.67,83,100,2.11,GQ,1669872399
82,craig,40.5153,-107.5464,266.94,78,0,0.0,US,1669872399
83,tilichiki,60.4667,166.1,274.13,97,100,9.96,RU,1669872400
84,esperance,-33.8667,121.9,303.26,37,1,2.19,AU,1669872400
85,bihoro,43.8228,144.1044,272.16,31,20,4.12,JP,1669872400
86,teguise,29.0605,-13.564,289.27,68,0,2.57,ES,1669872401
87,hailar,49.2,119.7,253.0,88,17,6.98,CN,1669872401
88,karasjok,69.4719,25.5112,268.22,97,100,1.38,NO,1669872402
89,mount isa,-20.7333,139.5,307.02,14,0,6.69,AU,1669872402
90,hay river,60.8156,-115.7999,247.14,70,20,6.69,CA,1669872403
91,victoria,22.2855,114.1577,291.11,74,99,4.47,HK,1669871938
92,nikolskoye,59.7035,30.7861,268.1,92,87,1.72,RU,1669872403
93,deputatskiy,69.3,139.9,247.64,99,100,1.5,RU,1669872404
94,puerto ayora,-0.7393,-90.3518,294.01,89,66,2.68,EC,1669872239
95,saint-philippe,-21.3585,55.7679,299.92,70,13,4.31,RE,1669872404
96,bredasdorp,-34.5322,20.0403,292.84,67,82,2.25,ZA,1669872404
97,burnie,-41.0667,145.9167,291.45,43,0,2.78,AU,1669872405
98,banda aceh,5.5577,95.3222,301.79,68,100,1.37,ID,1669872405
99,petatlan,17.5167,-101.2667,297.13,86,88,1.42,MX,1669872406
100,ilulissat,69.2167,-51.1,267.16,73,100,11.32,GL,1669872406
101,veinticinco de mayo,-35.4323,-60.1727,289.81,98,100,1.34,AR,1669872406
102,idaho falls,43.4666,-112.0341,271.46,80,100,2.57,US,1669872407
103,churapcha,62.0025,132.4325,242.47,94,100,1.52,RU,1669872407
104,viedma,-40.8135,-62.9967,284.95,77,43,2.37,AR,1669872350
105,severo-kurilsk,50.6789,156.125,271.4,60,73,6.39,RU,1669872408
106,yellowknife,62.456,-114.3525,239.44,75,0,1.03,CA,1669872349
107,coruripe,-10.1256,-36.1756,296.57,89,99,5.06,BR,1669872187
108,mahebourg,-20.4081,57.7,301.31,61,40,4.12,MU,1669872408
109,carnarvon,-24.8667,113.6333,297.54,62,3,6.37,AU,1669872409
110,gimli,50.6336,-96.9907,256.16,85,74,3.09,CA,1669872409
111,gudari,19.35,83.7833,302.71,51,0,0.15,IN,1669872409
112,joacaba,-27.1781,-51.5047,289.99,99,81,1.39,BR,1669872410
113,nabire,-3.3667,135.4833,301.65,77,100,1.37,ID,1669872410
114,saraland,30.8207,-88.0706,282.61,62,4,4.24,US,1669872411
115,merauke,-8.4667,140.3333,301.6,76,90,5.3,ID,1669872411
116,nouadhibou,20.931,-17.0347,290.98,67,18,7.57,MR,1669872411
117,salalah,17.0151,54.0924,300.2,44,20,2.06,OM,1669872412
118,sahuaripa,29.05,-109.2333,290.13,35,100,2.32,MX,1669872412
119,lebu,-37.6167,-73.65,284.24,79,0,8.79,CL,1669872413
120,vestmanna,62.1564,-7.1664,281.66,100,100,6.69,FO,1669872413
121,buala,-8.145,159.5921,300.73,81,98,2.41,SB,1669872413
122,front royal,38.9182,-78.1944,277.81,43,0,7.2,US,1669872293
123,tiznit,29.5833,-9.5,283.63,82,48,0.94,MA,1669872414
124,san cristobal,7.7669,-72.225,291.25,96,67,1.91,VE,1669872414
125,necochea,-38.5473,-58.7368,287.87,92,100,5.49,AR,1669872415
126,labuhan,-6.8844,112.2051,304.08,58,27,2.72,ID,1669872415
127,east london,-33.0153,27.9116,292.67,94,100,2.57,ZA,1669872415
128,tahlequah,35.9154,-94.97,272.75,69,0,0.0,US,1669872416
129,kushima,31.4583,131.2333,285.5,48,80,3.64,JP,1669872416
130,guerrero negro,27.9769,-114.0611,287.92,78,5,4.16,MX,1669872416
131,jalingo,8.8833,11.3667,295.11,30,100,1.71,NG,1669872417
132,gat,31.61,34.7642,288.93,100,0,1.59,IL,1669872360
133,nelson bay,-32.7167,152.15,293.76,66,100,4.47,AU,1669872417
134,makakilo city,21.3469,-158.0858,297.42,71,0,2.57,US,1669872418
135,beloha,-25.1667,45.05,296.8,73,100,4.39,MG,1669872418
136,cayenne,4.9333,-52.3333,298.17,88,75,1.54,GF,1669872419
137,adrar,20.5022,-10.0711,290.73,20,46,4.36,MR,1669872419
138,mizdah,31.4451,12.9801,282.26,64,2,2.41,LY,1669872419
139,sitka,57.0531,-135.33,267.09,53,0,2.57,US,1669872420
140,airai,-8.9266,125.4092,294.53,73,86,1.1,TL,1669872420
141,tezu,27.9167,96.1667,296.3,40,36,0.52,IN,1669872420
142,katsuura,35.1333,140.3,285.8,85,100,8.36,JP,1669872421
143,mehamn,71.0357,27.8492,273.12,86,0,3.09,NO,1669872421
144,saldanha,-33.0117,17.9442,291.18,88,93,1.44,ZA,1669872421
145,turukhansk,65.8167,87.9833,255.62,97,100,3.67,RU,1669872422
146,tongliao,43.6125,122.2653,262.38,27,1,8.15,CN,1669872422
147,pedasi,7.5333,-80.0333,297.63,84,100,2.28,PA,1669872423
148,marsa matruh,31.3525,27.2453,289.09,59,0,4.33,EG,1669872423
149,pitiquito,30.7,-112.0833,286.9,60,0,0.78,MX,1669872317
150,marrakesh,31.6315,-8.0083,282.19,66,0,1.54,MA,1669872424
151,tecoanapa,16.5167,-98.75,298.46,83,84,2.17,MX,1669872424
152,fortuna,40.5982,-124.1573,282.55,95,100,5.14,US,1669872425
153,tasiilaq,65.6145,-37.6368,279.24,91,98,3.43,GL,1669872425
154,norman wells,65.282,-126.8329,251.17,77,100,1.54,CA,1669872426
155,eufaula,31.8913,-85.1455,282.17,50,0,1.54,US,1669872308
156,tahta,26.7693,31.5021,288.77,48,0,1.2,EG,1669872426
157,borovsk,55.2064,36.4861,263.89,94,100,2.13,RU,1669872426
158,yulara,-25.2406,130.9889,305.7,11,0,2.97,AU,1669872427
159,ixtapa,20.7,-105.2,295.5,88,0,0.0,MX,1669872427
160,lavrentiya,65.5833,-171.0,267.51,90,94,1.43,RU,1669872428
161,la ronge,55.1001,-105.2842,250.29,77,100,4.12,CA,1669872428
162,sungaipenuh,-2.0833,101.3833,296.69,78,93,1.82,ID,1669872428
163,sawakin,19.1059,37.3321,299.68,67,63,4.16,SD,1669872429
164,manokwari,-0.8667,134.0833,301.11,75,100,3.32,ID,1669872429
165,tuktoyaktuk,69.4541,-133.0374,257.15,92,100,5.14,CA,1669872430
166,charters towers,-20.1,146.2667,302.11,38,83,6.33,AU,1669872430
167,hammerfest,70.6634,23.6821,273.4,93,75,0.51,NO,1669872430
168,saint-francois,46.4154,3.9054,278.84,87,100,3.09,FR,1669872431
169,monrovia,6.3005,-10.7969,298.34,84,85,1.44,LR,1669872431
170,paita,-5.0892,-81.1144,292.41,83,94,3.7,PE,1669872432
171,kidal,18.4411,1.4078,293.22,25,97,2.17,ML,1669872433
172,sarangani,5.4033,125.4636,299.61,86,100,9.11,PH,1669872433
173,quang ngai,15.1167,108.8,301.18,74,34,3.35,VN,1669872434
174,aden,12.7794,45.0367,299.42,71,1,6.28,YE,1669872434
175,ailigandi,9.2333,-78.0167,298.12,85,18,2.05,PA,1669872434
176,sokolo,14.7328,-6.1219,296.68,18,89,4.01,ML,1669872435
177,chapais,49.7834,-74.8492,270.03,90,100,6.02,CA,1669872435
178,namibe,-15.1961,12.1522,293.87,76,99,1.92,AO,1669872436
179,la victoria,10.2184,-67.3302,291.04,94,5,1.96,VE,1669872436
180,bryant,34.5959,-92.4891,275.11,77,45,1.0,US,1669872436
181,saint-augustin,51.226,-58.6502,266.75,91,100,0.5,CA,1669872437
182,matara,5.9485,80.5353,302.58,63,99,2.37,LK,1669872437
183,mikuni,36.2171,136.1519,280.1,72,100,6.5,JP,1669872438
184,north myrtle beach,33.816,-78.68,286.2,64,0,3.6,US,1669872438
185,annau,37.8876,58.516,275.87,70,100,3.09,TM,1669872438
186,dikson,73.5069,80.5464,267.7,94,100,6.84,RU,1669872439
187,rio frio,19.35,-98.6667,284.27,80,41,1.89,MX,1669872439
188,shelburne,44.0787,-80.2041,269.4,91,90,9.84,CA,1669872440
189,murgab,37.4966,61.9714,276.08,70,100,3.09,TM,1669872440
190,alofi,-19.0595,-169.9187,301.09,83,98,2.06,NU,1669872441
191,ostrovnoy,68.0531,39.5131,269.11,91,100,3.3,RU,1669872441
192,caravelas,-17.7125,-39.2481,296.18,96,99,1.41,BR,1669872442
193,hawick,55.4227,-2.7867,276.26,97,100,2.33,GB,1669872442
194,high level,58.5169,-117.136,239.21,68,0,1.03,CA,1669872443
195,awbari,26.5921,12.7805,282.09,39,0,0.99,LY,1669872443
196,yelovo,57.0538,54.9207,261.23,97,100,0.94,RU,1669872444
197,hirara,24.8,125.2833,296.07,83,75,8.75,JP,1669872444
198,garowe,8.4054,48.4845,297.59,64,8,4.59,SO,1669872445
199,belaya gora,68.5333,146.4167,245.51,100,100,1.69,RU,1669872445
200,abu zabad,12.35,29.25,296.42,21,62,4.52,SD,1669872446
201,puerto el triunfo,13.2833,-88.55,297.15,79,100,1.93,SV,1669872446
202,bethel,41.3712,-73.414,279.2,49,40,7.2,US,1669872447
203,matagami,49.7502,-77.6328,269.21,80,100,4.63,CA,1669872447
204,tadine,-21.55,167.8833,301.42,72,46,4.71,NC,1669872448
205,tolaga bay,-38.3667,178.3,289.75,68,20,5.01,NZ,1669872449
206,togur,58.3631,82.8265,248.02,92,13,1.94,RU,1669872449
207,mareeba,-17.0,145.4333,301.17,73,100,0.25,AU,1669872449
208,north bend,43.4065,-124.2243,281.1,90,100,6.69,US,1669872450
209,cajabamba,-7.6167,-78.05,284.06,80,86,2.95,PE,1669872192
210,nanortalik,60.1432,-45.2371,270.17,75,62,15.95,GL,1669872451
211,linjiang,41.8069,126.9078,261.78,51,87,4.94,CN,1669872451
212,san isidro,-12.1167,-77.05,292.92,77,0,6.17,PE,1669872451
213,namatanai,-3.6667,152.4333,303.15,63,60,3.82,PG,1669872452
214,mandalgovi,45.7625,106.2708,258.82,34,2,6.31,MN,1669872452
215,san patricio,28.017,-97.5169,287.07,61,39,4.07,US,1669872452
216,khatanga,71.9667,102.5,246.41,98,100,4.42,RU,1669872453
217,petropavlovsk-kamchatskiy,53.0452,158.6483,270.48,80,75,4.0,RU,1669872359
218,srednekolymsk,67.45,153.6833,248.99,99,100,3.81,RU,1669872453
219,clyde river,70.4692,-68.5914,239.28,62,0,1.54,CA,1669872404
220,dourados,-22.2211,-54.8056,293.44,85,31,2.58,BR,1669872393
221,codrington,-38.2667,141.9667,289.31,74,74,6.06,AU,1669872454
222,barrow,71.2906,-156.7887,270.16,86,100,3.09,US,1669872455
223,porto novo,6.4965,2.6036,299.05,89,60,2.25,BJ,1669872455
224,piacabucu,-10.4056,-36.4344,296.9,88,99,4.64,BR,1669872455
225,pontianak,-0.0333,109.3333,302.14,79,75,5.66,ID,1669872274
226,mahina,-17.5065,-149.489,299.02,78,75,5.66,PF,1669872456
227,mollendo,-17.0231,-72.0147,291.98,82,35,2.92,PE,1669872456
228,ribeira brava,32.65,-17.0667,292.5,80,54,2.77,PT,1669872457
229,kalmunai,7.4167,81.8167,301.1,72,100,1.81,LK,1669872457
230,nemuro,43.3236,145.575,272.24,46,43,11.29,JP,1669872457
231,lukiv,51.0521,25.4006,269.01,87,81,3.06,UA,1669872458
232,usinsk,65.9939,57.5281,248.37,100,100,2.16,RU,1669872458
233,wainwright,52.839,-110.8572,253.86,97,100,4.08,CA,1669872459
234,piracuruca,-3.9281,-41.7092,297.3,88,50,1.28,BR,1669872459
235,lao cai,22.4833,103.95,292.63,97,100,1.4,VN,1669872460
236,ankazobe,-18.3167,47.1167,294.41,68,23,1.1,MG,1669872460
237,hami,42.8,93.45,265.9,13,33,2.54,CN,1669872460
238,baykit,61.67,96.37,254.02,96,100,1.38,RU,1669872461
239,gornyak,50.9942,81.4661,251.45,91,99,1.65,RU,1669872461
240,touros,-5.1989,-35.4608,298.18,77,66,4.17,BR,1669872462
241,najran,17.4924,44.1277,290.51,33,1,0.72,SA,1669872462
242,le havre,49.4938,0.1077,278.01,100,100,2.06,FR,1669872462
243,leningradskiy,69.3833,178.4167,263.22,89,100,4.81,RU,1669872463
244,singapore,1.2897,103.8501,304.23,72,75,2.06,SG,1669872231
245,ormara,25.2088,64.6357,297.63,43,99,1.5,PK,1669872463
246,kavaratti,10.5669,72.642,300.79,71,66,1.45,IN,1669872464
247,camana,-16.6228,-72.7111,292.71,81,33,3.38,PE,1669872464
248,bayir,37.2687,28.2167,287.44,94,83,3.13,TR,1669872464
249,poum,-20.2333,164.0167,301.1,81,96,6.22,NC,1669872465
250,jacqueville,5.2052,-4.4146,299.42,80,49,1.94,CI,1669872465
251,laguna,38.421,-121.4238,283.4,74,0,0.0,US,1669872278
252,cairns,-16.9167,145.7667,303.74,76,40,3.6,AU,1669872466
253,stepnyak,52.8339,70.7803,255.31,86,100,5.93,KZ,1669872466
254,xam nua,20.4197,104.0439,294.9,76,95,1.74,LA,1669872467
255,svelvik,59.6137,10.4087,275.86,90,98,1.76,NO,1669872467
256,san quintin,30.4833,-115.95,286.45,76,0,3.57,MX,1669872467
257,trincomalee,8.5711,81.2335,300.48,75,84,3.47,LK,1669872468
258,anadyr,64.75,177.4833,273.43,80,100,15.0,RU,1669872468
259,elwood,-37.8817,144.983,294.15,60,49,3.13,AU,1669872469
260,grindavik,63.8424,-22.4338,280.12,81,75,12.35,IS,1669872469
261,ende,-8.8432,121.6623,303.02,68,99,3.11,ID,1669872469
262,kortkeros,61.8106,51.5806,268.15,99,98,0.98,RU,1669872470
263,general roca,-39.0333,-67.5833,289.05,51,2,8.23,AR,1669872470
264,tessalit,20.1986,1.0114,292.27,23,58,1.96,ML,1669872470
265,westport,41.1415,-73.3579,280.17,61,100,5.66,US,1669872471
266,vila franca do campo,37.7167,-25.4333,288.81,84,8,1.97,PT,1669872471
267,stokmarknes,68.5646,14.9108,275.14,80,100,1.54,NO,1669872471
268,kaitangata,-46.2817,169.8464,287.68,54,67,5.12,NZ,1669872472
269,margate,51.3813,1.3862,282.42,82,33,1.34,GB,1669872472
270,aksu,41.1231,80.2644,267.81,15,36,1.64,CN,1669872472
271,thompson,55.7435,-97.8558,243.24,76,20,1.54,CA,1669872473
272,yeppoon,-23.1333,150.7333,295.03,79,100,8.12,AU,1669872473
273,port-gentil,-0.7193,8.7815,299.13,94,100,1.54,GA,1669872473
274,tomatlan,19.9333,-105.25,294.63,89,45,1.51,MX,1669872474
275,fort nelson,58.8053,-122.7002,241.92,69,20,0.0,CA,1669872475
276,magog,45.2668,-72.1491,275.04,69,98,10.8,CA,1669872371
277,angoche,-16.2325,39.9086,298.0,71,100,2.21,MZ,1669872475
278,dok kham tai,19.1624,99.9934,300.34,75,100,1.62,TH,1669872476
279,chuy,-33.6971,-53.4616,294.28,89,68,5.74,UY,1669872476
280,puerto colombia,10.9878,-74.9547,300.2,80,17,10.21,CO,1669872477
281,iqaluit,63.7506,-68.5145,248.0,62,75,5.66,CA,1669872477
282,mao,39.8885,4.2658,281.46,81,0,2.06,ES,1669872477
283,yagodnoye,62.55,149.6667,243.3,98,100,0.84,RU,1669872478
284,robinson,31.4677,-97.1147,278.08,64,0,3.09,US,1669872478
285,pedernales,18.0384,-71.744,298.63,75,2,0.92,DO,1669872478
286,esfarayen,37.0765,57.5101,276.96,66,100,1.04,IR,1669872479
287,morada nova,-5.1067,-38.3725,297.35,79,85,1.64,BR,1669872479
288,goba,7.0167,39.9833,284.51,48,49,0.44,ET,1669872479
289,taoudenni,22.6783,-3.9836,288.57,23,13,3.52,ML,1669872480
290,imelda,7.65,123.95,301.27,80,87,1.52,PH,1669872480
291,hanstholm,57.1167,8.6167,277.3,79,62,5.38,DK,1669872480
292,byron bay,-28.65,153.6167,290.34,88,100,8.58,AU,1669872053
293,ribeira grande,38.5167,-28.7,288.02,81,5,3.13,PT,1669872481
294,taman,45.2117,36.7161,277.78,79,100,10.59,RU,1669872481
295,mount gambier,-37.8333,140.7667,291.65,58,36,5.1,AU,1669872482
296,boralday,43.3578,76.8594,278.07,56,100,3.0,KZ,1669872482
297,ginir,7.1333,40.7,289.69,39,25,1.32,ET,1669872483
298,faya,18.3851,42.4509,286.44,64,10,0.44,SA,1669872483
299,tunceli,39.1083,39.5471,281.7,81,55,1.31,TR,1669872483
300,avarua,-21.2078,-159.775,299.18,83,75,5.14,CK,1669872484
301,santa marta,11.2408,-74.199,300.31,73,16,4.47,CO,1669872484
302,skibbereen,51.55,-9.2667,284.88,94,100,3.54,IE,1669872484
303,kenai,60.5544,-151.2583,264.9,92,100,5.14,US,1669872485
304,terrak,65.087,12.3715,276.08,81,38,2.42,NO,1669872485
305,xichang,27.8964,102.2634,288.93,56,64,1.15,CN,1669872485
306,batemans bay,-35.7167,150.1833,290.98,67,80,3.19,AU,1669872486
307,belyy yar,53.6039,91.3903,249.09,68,20,1.0,RU,1669872486
308,muli,2.9167,73.5667,300.4,70,17,1.65,MV,1669872487
309,damoh,23.8333,79.45,294.59,43,13,1.09,IN,1669872487
310,acapulco,16.8634,-99.8901,298.05,78,75,4.63,MX,1669872487
311,svalyava,48.5485,22.9958,275.15,79,70,2.2,UA,1669872488
312,haimen,23.1935,116.6142,289.09,69,90,5.79,CN,1669872488
313,pevek,69.7008,170.3133,269.08,69,100,7.32,RU,1669872489
314,shimoda,34.6667,138.95,285.35,85,100,4.31,JP,1669872489
315,ajmer,26.45,74.6333,294.56,26,0,1.78,IN,1669872102
316,san lazaro,18.0387,-88.6622,295.28,96,3,1.89,BZ,1669872490
317,batagay-alyta,67.8006,130.4114,249.42,96,100,4.29,RU,1669872490
318,saint anthony,45.0205,-93.218,262.45,79,0,3.09,US,1669872490
319,verkhnevilyuysk,63.4453,120.3167,244.14,96,100,2.94,RU,1669872491
320,samarai,-10.6167,150.6667,301.61,76,100,2.85,PG,1669872491
321,jardim,-21.4803,-56.1381,295.08,69,23,2.32,BR,1669872492
322,kuraymah,18.55,31.85,293.16,25,0,4.54,SD,1669872492
323,olga,43.7444,135.2892,262.84,49,97,5.77,RU,1669872492
324,kavieng,-2.5744,150.7967,302.12,67,81,1.84,PG,1669872194
325,san vicente,-26.6167,-54.1333,290.06,97,23,0.72,AR,1669872493
326,mahibadhoo,3.7833,72.9667,300.42,68,15,1.46,MV,1669872493
327,zverinogolovskoye,54.4586,64.8542,259.3,82,100,3.63,RU,1669872494
328,mocuba,-16.8392,36.9856,295.13,81,94,1.39,MZ,1669872494
329,kloulklubed,7.0419,134.2556,302.43,75,99,7.09,PW,1669872494
330,dukat,62.55,155.55,250.69,98,100,2.45,RU,1669872495
331,berlevag,70.8578,29.0864,273.15,80,100,3.6,NO,1669872495
332,raudeberg,61.9875,5.1352,278.52,73,10,4.0,NO,1669872495
333,cartagena,10.3997,-75.5144,298.94,89,40,3.09,CO,1669872496
334,pisco,-13.7,-76.2167,291.18,88,1,2.06,PE,1669872496
335,jaguaribe,-5.8906,-38.6219,297.62,75,95,2.6,BR,1669872497
336,lagoa,39.05,-27.9833,289.55,76,0,4.69,PT,1669872497
337,sabha,27.0377,14.4283,281.84,41,0,0.53,LY,1669872497
338,moindou,-21.6924,165.677,302.53,66,81,1.65,NC,1669872498
339,whitehorse,60.7161,-135.0538,251.54,74,75,7.72,CA,1669872498
340,baillif,16.0202,-61.7463,294.87,79,8,2.58,GP,1669872499
341,rawson,-43.3002,-65.1023,287.13,70,0,8.16,AR,1669872499
342,roma,43.2128,-75.4557,273.92,59,100,5.14,US,1669872499
343,asau,46.4333,26.4,271.66,96,99,1.34,RO,1669872500
344,nisia floresta,-6.0911,-35.2086,300.6,78,88,2.46,BR,1669872500
345,alice,27.7523,-98.0697,284.0,64,0,4.63,US,1669872500
346,sinnamary,5.3833,-52.95,297.97,87,72,4.15,GF,1669872501
347,talaya,61.3833,152.75,241.71,100,100,0.28,RU,1669872501
348,ibipeba,-11.6408,-42.0111,293.04,92,100,0.55,BR,1669872502
349,honiara,-9.4333,159.95,300.65,81,94,1.64,SB,1669872503
350,quatre cocos,-20.2078,57.7625,301.21,66,39,4.18,MU,1669872503
351,rivadavia,-33.1905,-68.4608,295.77,29,78,10.25,AR,1669872504
352,timiryazevskoye,56.49,84.8769,256.68,83,14,1.39,RU,1669872504
353,bat khela,34.6167,71.9714,291.68,22,54,1.19,PK,1669872504
354,verkhoyansk,67.5447,133.385,247.18,100,100,0.74,RU,1669872505
355,vallenar,-28.5708,-70.7581,290.28,76,0,1.4,CL,1669872506
356,prince rupert,54.3161,-130.3201,268.98,44,0,10.29,CA,1669872506
357,pringsewu,-5.3582,104.9744,305.96,46,100,1.6,ID,1669872507
358,bad liebenwerda,51.5167,13.4,273.86,91,98,2.47,DE,1669872507
359,the valley,18.217,-63.0578,299.32,65,1,9.26,AI,1669872508
360,puqi,29.7167,113.8833,272.37,91,100,1.59,CN,1669872508
361,centralia,46.7162,-122.9543,274.53,97,100,0.0,US,1669872451
362,bambanglipuro,-7.95,110.2833,301.69,66,90,3.87,ID,1669872509
363,amapa,1.0,-52.0,294.38,99,70,0.82,BR,1669872509
364,saskylakh,71.9167,114.0833,236.39,100,86,2.61,RU,1669872510
365,kokopo,-4.352,152.2633,302.94,66,89,4.88,PG,1669872510
366,salekhard,66.53,66.6019,250.05,99,30,1.82,RU,1669872510
367,pimenta bueno,-11.6725,-61.1936,296.0,85,71,1.36,BR,1669872511
368,valdivia,-39.8142,-73.2459,279.2,81,0,1.24,CL,1669872511
369,torbay,47.6666,-52.7314,269.97,89,0,2.57,CA,1669872512
370,kamenka,51.3223,42.7678,266.83,76,17,3.01,RU,1669872512
371,saint-pierre,-21.3393,55.4781,301.43,61,0,3.09,RE,1669872513
372,sinegorye,62.0788,150.477,242.12,99,100,0.73,RU,1669872513
373,san ramon,37.7799,-121.978,283.63,79,0,2.06,US,1669872429
374,banjar,-8.19,114.9675,303.76,59,35,2.58,ID,1669872514
375,bahir dar,11.5936,37.3908,289.56,53,18,2.18,ET,1669872514
376,kemijarvi,66.7131,27.4306,269.58,97,100,0.75,FI,1669872514
377,gamba,-2.65,10.0,297.11,90,100,1.68,GA,1669872515
378,coxim,-18.5067,-54.76,294.03,89,100,0.97,BR,1669872515
379,narsaq,60.9167,-46.05,272.27,90,65,1.98,GL,1669872515
380,pathein,16.7833,94.7333,304.3,56,35,2.8,MM,1669872516
381,surab,28.4914,66.2585,287.07,18,100,2.13,PK,1669872248
382,lasem,-6.6922,111.4527,303.8,62,39,1.67,ID,1669872517
383,hoquiam,46.9809,-123.8893,276.14,91,75,3.09,US,1669872517
384,tukrah,32.5341,20.5791,289.84,63,17,5.85,LY,1669872517
385,wollongong,-34.4333,150.8833,295.92,58,100,3.84,AU,1669872477
386,darnah,32.767,22.6367,288.15,74,1,6.21,LY,1669872518
387,miraflores,19.2167,-98.8083,288.51,72,65,2.02,MX,1669872518
388,luderitz,-26.6481,15.1594,290.33,78,5,5.8,NA,1669872519
389,barranca,-10.75,-77.7667,292.35,83,85,2.14,PE,1669872519
390,dingle,10.9995,122.6711,301.59,78,80,6.54,PH,1669872520
391,marawi,7.9986,124.2928,298.8,75,76,3.1,PH,1669872520
392,del rio,29.3627,-100.8968,285.21,52,40,3.13,US,1669872520
393,sarmanovo,55.2553,52.5891,263.53,96,100,2.2,RU,1669872521
394,turayf,31.6725,38.6637,280.29,100,20,2.06,SA,1669872521
395,maragogi,-9.0122,-35.2225,297.48,83,100,3.31,BR,1669872521
396,makinsk,52.6292,70.4169,255.91,85,100,6.9,KZ,1669872522
397,inyonga,-6.7167,32.0667,292.48,89,100,1.92,TZ,1669872522
398,harper,4.375,-7.7169,298.13,85,100,0.79,LR,1669872522
399,los llanos de aridane,28.6585,-17.9182,290.01,59,75,4.63,ES,1669872523
400,iraquara,-12.2486,-41.6194,293.99,96,99,0.85,BR,1669872523
401,beringovskiy,63.05,179.3167,271.64,90,100,5.63,RU,1669872523
402,tansen,27.8673,83.5467,290.8,52,0,1.86,NP,1669872524
403,aksay,47.26,39.87,270.27,34,54,8.05,RU,1669872524
404,kuah,6.3265,99.8432,305.14,62,20,1.03,MY,1669872524
405,sagua de tanamo,20.5819,-75.2414,298.94,73,49,4.15,CU,1669872525
406,lunca bradului,46.956,25.1114,270.53,84,94,2.27,RO,1669872525
407,lexington park,38.2668,-76.4538,280.97,50,0,4.12,US,1669872526
408,ust-ishim,57.6935,71.1665,251.07,86,53,1.21,RU,1669872526
409,richards bay,-28.783,32.0377,295.91,67,75,4.88,ZA,1669872526
410,elizabeth city,36.2946,-76.2511,283.16,54,0,5.66,US,1669872527
411,rassvet,46.8333,40.75,270.44,53,63,8.98,RU,1669872527
412,puerto baquerizo moreno,-0.9,-89.6,293.85,75,75,5.87,EC,1669872527
413,college,64.8569,-147.8028,259.03,84,100,0.0,US,1669872528
414,maiduguri,11.8464,13.1603,291.36,31,53,2.85,NG,1669872397
415,nishihara,26.1842,127.7558,293.75,73,75,8.75,JP,1669872528
416,vanimo,-2.6741,141.3028,300.81,79,100,3.4,PG,1669872529
417,itarema,-2.9248,-39.9167,298.89,76,72,5.16,BR,1669872529
418,sambava,-14.2667,50.1667,299.14,70,2,2.27,MG,1669872529
419,pahrump,36.2083,-115.9839,281.45,40,12,3.48,US,1669872455
420,buta,2.7858,24.73,293.95,99,100,0.51,CD,1669872530
421,isangel,-19.55,169.2667,303.21,62,93,3.09,VU,1669872530
422,shingu,33.7333,135.9833,286.83,44,53,0.92,JP,1669872531
423,bubaque,11.2833,-15.8333,300.44,61,50,6.74,GW,1669872531
424,dwarka,22.2394,68.9678,299.58,45,0,5.16,IN,1669872531
425,lorengau,-2.0226,147.2712,302.44,69,100,2.59,PG,1669872532
426,fairbanks,64.8378,-147.7164,259.04,84,100,0.0,US,1669872532
427,wana,32.2989,69.5725,287.84,22,98,0.93,PK,1669872533
428,gisborne,-38.6533,178.0042,289.92,68,27,6.04,NZ,1669872533
429,ayaviri,-14.8864,-70.5889,277.45,33,1,2.18,PE,1669872533
430,arcozelo,41.0533,-8.6433,284.09,84,40,2.88,PT,1669872534
431,ketchikan,55.3422,-131.6461,267.41,49,0,3.09,US,1669872534
432,divnomorskoye,44.5011,38.1353,278.79,75,71,3.9,RU,1669872534
433,christchurch,-43.5333,172.6333,291.45,56,20,7.2,NZ,1669872535
434,tiarei,-17.5333,-149.3333,299.16,83,38,6.97,PF,1669872535
435,erenhot,43.6475,111.9767,259.89,42,0,7.77,CN,1669872535
436,bestobe,52.4994,73.0975,255.74,81,100,5.58,KZ,1669872536
437,yola,9.2,12.4833,294.1,33,100,0.81,NG,1669872536
438,davila,18.4726,120.5763,303.14,70,97,10.35,PH,1669872536
439,pasighat,28.0667,95.3333,299.63,34,9,1.72,IN,1669872537
440,pacific grove,36.6177,-121.9166,282.27,76,0,2.24,US,1669872537
441,nagato,34.3833,131.2,280.77,58,95,7.12,JP,1669872537
442,hasaki,35.7333,140.8333,281.37,76,100,9.04,JP,1669872538
443,pareora,-44.4871,171.2132,289.92,55,31,4.75,NZ,1669872538
444,faranah,10.0404,-10.7434,293.44,88,29,1.96,GN,1669872539
445,mishan,45.55,131.8833,258.59,64,94,6.43,CN,1669872539
446,alice springs,-23.7,133.8833,304.9,13,0,4.63,AU,1669872540
447,ilorin,8.5,4.55,296.35,83,20,0.0,NG,1669872540
448,lompoc,34.6391,-120.4579,286.36,91,75,0.0,US,1669872541
449,lagos,6.5833,3.75,298.33,89,76,0.63,NG,1669872506
450,faanui,-16.4833,-151.75,299.85,79,31,6.67,PF,1669872541
451,gombong,-7.6072,109.5142,302.86,62,81,2.53,ID,1669872542
452,provideniya,64.3833,-173.3,270.3,81,100,0.63,RU,1669872542
453,la libertad,-2.2333,-80.9,294.94,81,94,4.24,EC,1669872542
454,inverell,-29.7833,151.1167,290.74,65,100,3.72,AU,1669872543
455,mitsamiouli,-11.3847,43.2844,301.31,65,20,3.09,KM,1669872543
456,neiafu,-18.65,-173.9833,300.53,89,75,4.12,TO,1669872543
457,aykhal,66.0,111.5,244.13,97,100,8.51,RU,1669872544
458,andenes,69.3143,16.1194,277.14,87,75,3.6,NO,1669872544
459,hokitika,-42.7167,170.9667,287.99,77,45,7.65,NZ,1669872544
460,bandarbeyla,9.4942,50.8122,299.57,76,11,8.34,SO,1669872545
461,taltal,-25.4,-70.4833,290.28,88,3,0.97,CL,1669872545
462,catamarca,-28.4696,-65.7852,294.69,78,100,0.89,AR,1669872546
463,port augusta,-32.5,137.7667,301.77,21,62,6.53,AU,1669872546
464,keti bandar,24.1447,67.4497,298.25,19,4,4.84,PK,1669872547
465,nakhon thai,17.1006,100.8374,303.04,66,78,1.46,TH,1669872547
466,bathsheba,13.2167,-59.5167,299.49,78,20,7.72,BB,1669872548
467,vauvert,43.7,4.2833,281.5,81,100,5.14,FR,1669872548
468,medea,36.2642,2.7539,279.3,70,95,2.51,DZ,1669872548
469,half moon bay,37.4636,-122.4286,284.46,79,100,3.09,US,1669872549
470,dogondoutchi,13.6393,4.0287,292.99,24,5,4.14,NE,1669872549
471,sumbe,-11.2061,13.8437,297.82,88,100,2.15,AO,1669872549
472,saint-jovite,46.1186,-74.5966,273.39,93,91,1.54,CA,1669872550
473,husavik,66.0449,-17.3389,279.52,61,47,10.68,IS,1669872550
474,armidale,-30.5167,151.65,288.26,54,100,4.6,AU,1669872551
475,plettenberg bay,-34.0527,23.3716,292.52,73,16,1.49,ZA,1669872551
476,sao joaquim,-28.2939,-49.9317,286.98,97,97,2.46,BR,1669872551
477,sakakah,29.9697,40.2064,281.91,67,0,1.26,SA,1669872552
478,kaduna,10.5222,7.4383,290.04,28,47,3.14,NG,1669872552
479,aransas pass,27.9095,-97.15,287.15,70,0,5.14,US,1669872537
480,suez,29.9737,32.5263,288.72,47,0,0.51,EG,1669872553
481,malindi,-3.2175,40.1191,300.24,83,40,0.0,KE,1669872553
482,campbell river,50.0163,-125.2446,271.89,100,75,3.09,CA,1669872554
483,ambovombe,-25.1667,46.0833,296.59,80,99,4.13,MG,1669872554
484,naigarhi,24.7833,81.7833,294.88,41,0,1.37,IN,1669872554
485,villa del rosario,7.8339,-72.4742,294.36,100,40,1.54,CO,1669872555
486,hjelset,62.7833,7.4833,277.03,93,20,4.12,NO,1669872555
487,rocha,-34.4833,-54.3333,293.94,86,41,6.77,UY,1669872555
488,pakisaji,-8.0665,112.5981,300.16,72,71,2.33,ID,1669872556
489,montecristo,8.2971,-74.4733,295.7,98,57,0.36,CO,1669872556
490,garissa,-0.4536,39.6401,298.45,79,100,4.26,KE,1669872557
491,vargashi,55.3556,65.8467,258.82,78,100,3.97,RU,1669872557
492,stanilesti,46.6183,28.1714,272.59,70,100,2.96,RO,1669872557
493,jumla,29.2747,82.1838,289.88,11,0,1.72,NP,1669872558
494,cobija,-11.0267,-68.7692,297.7,69,68,1.22,BO,1669872558
495,ilebo,-4.3167,20.5833,293.25,97,99,0.14,CD,1669872558
496,ngunguru,-35.6167,174.5,290.92,61,60,7.1,NZ,1669872559
497,koslan,63.4564,48.8989,264.11,97,95,0.85,RU,1669872559
498,tuy hoa,13.0833,109.3,300.05,85,76,6.14,VN,1669872560
499,homer,59.6425,-151.5483,272.08,90,100,1.34,US,1669872560
500,ambilobe,-13.2,49.05,300.68,67,52,0.17,MG,1669872561
501,kruisfontein,-34.0033,24.7314,292.53,74,23,1.9,ZA,1669872561
502,geraldton,-28.7667,114.6,296.38,56,75,5.66,AU,1669872562
503,lerwick,60.1545,-1.1494,283.15,86,100,11.16,GB,1669872562
504,ust-ilimsk,58.0006,102.6619,254.78,91,100,3.3,RU,1669872562
505,ouadda,8.0777,22.4007,293.83,82,100,1.39,CF,1669872563
506,sungai besar,3.6746,100.9867,302.2,70,100,1.95,MY,1669872563
507,severnoye,56.3491,78.3619,253.22,90,50,2.33,RU,1669872564
508,tromso,69.6496,18.957,274.16,93,100,4.12,NO,1669872564
509,daru,-9.0763,143.2092,303.93,62,100,3.42,PG,1669872565
510,tyukhtet,56.5389,89.3011,252.96,93,93,2.88,RU,1669872565
511,port hedland,-20.3167,118.5667,307.18,52,8,8.75,AU,1669872380
512,komsomolskiy,40.4272,71.7189,283.55,53,75,6.17,UZ,1669872566
513,havoysund,70.9963,24.6622,275.28,85,43,2.61,NO,1669872566
514,araouane,18.9048,-3.5265,293.34,20,88,4.05,ML,1669872567
515,porkhov,57.765,29.5561,261.86,94,25,1.76,RU,1669872567
516,kahului,20.8947,-156.47,298.62,87,40,2.57,US,1669872568
517,camacha,33.0833,-16.3333,289.83,77,40,5.66,PT,1669872568
518,cidreira,-30.1811,-50.2056,294.55,96,100,9.2,BR,1669872569
519,yerbogachen,61.2767,108.0108,249.15,94,100,2.98,RU,1669872569
520,mogadishu,2.0371,45.3438,302.08,74,75,5.66,SO,1669872570
521,diu,20.7141,70.9822,300.59,35,0,5.22,IN,1669872570
522,emerald,-23.5333,148.1667,297.23,64,74,7.78,AU,1669872400
523,broome,42.2506,-75.833,274.74,68,100,9.77,US,1669872571
524,benghazi,32.1167,20.0667,291.65,51,11,7.08,LY,1669872571
525,kaohsiung,22.6163,120.3133,302.12,64,20,5.14,TW,1669872572
526,kollam,8.8833,76.6,300.88,60,45,1.7,IN,1669872572
527,porto velho,-8.7619,-63.9039,299.18,89,0,1.54,BR,1669872363
528,halifax,44.6453,-63.5724,284.51,90,100,14.92,CA,1669872542
529,umm kaddadah,13.6017,26.6876,295.47,20,90,7.79,SD,1669872313
530,spornoye,50.8448,37.2913,269.04,53,100,5.46,RU,1669872573
531,natal,-5.795,-35.2094,300.51,73,40,3.6,BR,1669872573
532,talnakh,69.4865,88.3972,253.57,100,99,1.06,RU,1669872574
533,strezhevoy,60.7333,77.5889,247.35,98,9,1.34,RU,1669872574
534,tautira,-17.7333,-149.15,298.72,84,33,6.39,PF,1669872574
535,virginia beach,36.8529,-75.978,284.17,41,0,6.17,US,1669872374
536,bauchi,10.5,10.0,288.6,30,68,1.77,NG,1669872575
537,offenburg,48.4833,7.9333,277.2,84,100,4.63,DE,1669872575
538,horizontina,-27.6258,-54.3078,292.67,85,34,0.75,BR,1669872519
539,comodoro rivadavia,-45.8667,-67.5,289.07,31,0,5.14,AR,1669872555
540,winnemucca,40.973,-117.7357,273.18,51,20,2.06,US,1669872576
541,magsaysay,6.7667,125.1833,298.03,91,100,0.74,PH,1669872576
542,rock sound,24.9,-76.2,299.2,71,53,7.27,BS,1669872577
543,acajutla,13.5928,-89.8275,298.1,80,100,2.06,SV,1669872577
544,galiakot,23.5167,74.0,296.59,34,0,4.12,IN,1669872578
545,amahai,-3.3333,128.9167,302.35,67,100,1.49,ID,1669872578
546,valreas,44.3837,4.9908,280.16,91,86,3.07,FR,1669872578
547,waterloo,43.4668,-80.5164,269.52,93,100,7.72,CA,1669872343
548,sabang,5.8933,95.3214,300.39,72,100,1.64,ID,1669872579
549,high prairie,55.4334,-116.4858,255.42,94,100,1.79,CA,1669872579
550,leh,34.1667,77.5833,268.59,48,21,0.79,IN,1669872580
551,olafsvik,64.8945,-23.7142,279.02,84,74,14.67,IS,1669872580
552,northam,51.0333,-4.2167,278.77,85,53,2.61,GB,1669872581
553,nioki,-2.7167,17.6833,292.94,96,94,0.91,CD,1669872581
554,zaterechnyy,44.7931,45.2097,273.82,72,8,7.01,RU,1669872581
555,grand-santi,4.25,-54.3833,294.46,100,38,1.11,GF,1669872582
556,ugoofaaru,5.6667,73.0,300.46,70,16,1.93,MV,1669872582
557,lannion,48.75,-3.4167,276.56,96,6,3.16,FR,1669872583
558,itacoatiara,-3.1431,-58.4442,297.96,83,88,1.04,BR,1669872583
559,susanville,40.4163,-120.653,276.06,52,100,2.57,US,1669872583
560,smirnykh,49.75,142.8333,258.42,77,69,4.41,RU,1669872584
561,huarmey,-10.0681,-78.1522,292.37,85,96,3.01,PE,1669872584
562,humboldt,40.6665,-123.9178,277.66,99,100,1.3,US,1669872585
563,kodinsk,58.6881,99.1844,256.77,91,100,2.86,RU,1669872585
564,sur,22.5667,59.5289,299.12,45,36,1.36,OM,1669872585
565,segezha,63.7415,34.3222,267.28,94,100,2.08,RU,1669872586
566,chumikan,54.7183,135.315,251.32,75,99,10.86,RU,1669872586
567,ovre ardal,61.3167,7.8,265.27,94,27,2.12,NO,1669872586
568,lasa,46.6166,10.7002,271.5,75,63,0.82,IT,1669872587
569,jieshi,22.8134,115.8257,289.97,70,84,6.03,CN,1669872587
570,tazovskiy,67.4667,78.7,252.48,100,98,3.56,RU,1669872587
571,leshukonskoye,64.8989,45.7622,268.35,97,99,1.73,RU,1669872588
572,ekhabi,53.5102,142.9671,255.71,84,75,7.89,RU,1669872588
573,la cruz,23.9167,-106.9,293.34,54,29,2.7,MX,1669872589
574,egvekinot,66.3167,-179.1667,260.7,98,100,1.5,RU,1669872589
575,teguldet,57.3064,88.1667,253.64,92,95,2.73,RU,1669872590
576,muros,42.7762,-9.0603,280.84,93,3,3.02,ES,1669872590
577,mirnyy,62.5353,113.9611,245.5,75,99,1.79,RU,1669872591
578,tulsipur,28.131,82.2973,294.4,55,0,1.86,NP,1669872591
579,ceres,37.5949,-120.9577,283.04,81,100,0.0,US,1669872591
580,huanren,41.2647,125.3667,263.98,35,23,3.79,CN,1669872592
581,tianpeng,30.9866,103.9393,281.83,70,98,1.9,CN,1669872592
582,pandan,14.0453,124.1694,300.52,85,100,6.97,PH,1669872592
583,sovetskaya gavan,48.9723,140.2878,257.99,56,32,5.99,RU,1669872593
584,itabirito,-20.2533,-43.8014,292.69,94,26,0.98,BR,1669872593
585,sibolga,1.7427,98.7792,299.77,79,100,0.96,ID,1669872594
586,sokoni,-6.4333,39.55,299.52,78,100,3.31,TZ,1669872594
587,nandu,22.8525,110.8233,282.86,75,100,3.26,CN,1669872594
588,maungaturoto,-36.1,174.3667,289.26,64,94,5.55,NZ,1669872595
589,murzzuschlag,47.6,15.6833,275.87,98,100,1.19,AT,1669872595
